[{
  "title": "儿童节海报",
  "url": "poster/children's-day-min.jpg"
}, {
  "title": "父亲节海报",
  "url": "poster/fathers'-day-min.jpg"
}, {
  "title": "关爱自闭症儿童系列1--东河人家",
  "url": "poster/autism1.jpg"
}, {
  "title": "关爱自闭症儿童系列2--东哥小馆",
  "url": "poster/autism2.jpg"
}, {
  "title": "某地产海报",
  "url": "poster/RenneGarden.jpg"
}, {
  "title": "attabj logo",
  "url": "logo/attabj.jpg"
}, {
  "title": "Origine logo (V1)",
  "url": "logo/origine-v1.jpg"
}, {
  "title": "Origine logo (V2)",
  "url": "logo/origine-v2.jpg"
}, {
  "title": "themission logo",
  "url": "logo/themission.jpg"
}, {
  "title": "莲花空间banner",
  "url": "logo/lotus-banner.jpg"
}, {
  "title": "电信爱音乐合作项目结果",
  "url": "other/bidding1.jpg"
}]